government, 0.000266922912663
grateful, 0.000266922912663
zone, 0.000266922912663
Netanyahu, 0.000266922912663
finally, 0.000266922912663
Western, 0.000266922912663
AQ, 0.000266922912663
adviser, 0.000266922912663
putting, 0.000266922912663
Secretary's, 0.000266922912663
consistent, 0.000266922912663
Korea, 0.000266922912663
expressed, 0.000266922912663
exercise, 0.000266922912663
movement, 0.000266922912663
ahead, 0.000266922912663
receive, 0.000266922912663
involved, 0.000266922912663
changed, 0.000266922912663
Sudan, 0.000266922912663
recommend, 0.000266922912663
reflects, 0.000266922912663
To:, 0.000266922912663
Ben, 0.000266922912663
Wednesday, 0.000266922912663
aware, 0.000266922912663
rights, 0.000266922912663
night., 0.000266922912663
23, 0.000266922912663
Why, 0.000266922912663
speech., 0.000266922912663
assistance, 0.000266922912663
14, 0.000266922912663
responsibility, 0.000266922912663
says., 0.000266922912663
willing, 0.000266922912663
parades, 0.000266922912663
evening, 0.000266922912663
hands, 0.000266922912663
However, 0.000266922912663
overall, 0.000266922912663
requires, 0.000266922912663
soon., 0.000266922912663
E., 0.000266922912663
research, 0.000266922912663
re, 0.000266922912663
is, 0.000266922912663
activity, 0.000266922912663
care, 0.000266922912663
allies, 0.000266922912663
Are, 0.000266922912663
20036, 0.000266922912663
Administration, 0.000266922912663
Indian, 0.000266922912663
leading, 0.000266922912663
anyone, 0.000266922912663
passed, 0.000266922912663
Press, 0.000266922912663
Iraq, 0.000266922912663
friend, 0.000266922912663
States, 0.000266922912663
violence., 0.000266922912663
Colombian, 0.000266922912663
matter, 0.000266922912663
budget, 0.000266922912663
strengthen, 0.000266922912663
immediate, 0.000266922912663
D;, 0.000266922912663
Honduran, 0.000266922912663
text, 0.000266922912663
Hill, 0.000266922912663
pleased, 0.000266922912663
ground, 0.000266922912663
words, 0.000266922912663
During, 0.000266922912663
Over, 0.000266922912663
fair, 0.000266922912663
intelligence, 0.000266922912663
importance, 0.000266922912663
outside, 0.000266922912663
Representative, 0.000266922912663
nature, 0.000266922912663
Sri, 0.000266922912663
improve, 0.000266922912663
comment, 0.000266922912663
community, 0.000266922912663
Clinton's, 0.000266922912663
simply, 0.000266922912663
citizens, 0.000266922912663
confident, 0.000266922912663
growth, 0.000266922912663
Compact, 0.000266922912663
living, 0.000266922912663
innocent, 0.000266922912663
Vice, 0.000266922912663
offered, 0.000266922912663
sort, 0.000266922912663
voice, 0.000266922912663
meeting., 0.000266922912663
agenda, 0.000266922912663
experience, 0.000266922912663
shift, 0.000266922912663
terrorist, 0.000266922912663
James, 0.000266922912663
Chinese, 0.000266922912663
material, 0.000266922912663
hand, 0.000266922912663
programs, 0.000266922912663
contact, 0.000266922912663
restore, 0.000266922912663
actions, 0.000266922912663
using, 0.000266922912663
campaign, 0.000266922912663
thinking, 0.000266922912663
add, 0.000266922912663
4, 0.000266922912663
Although, 0.000266922912663
5, 0.000266922912663
tax, 0.000266922912663
Many, 0.000266922912663
five, 0.000266922912663
background, 0.000266922912663
San, 0.000266922912663
issues, 0.000266922912663
FW:, 0.000266922912663
essential, 0.000266922912663
together., 0.000266922912663
tells, 0.000266922912663
11, 0.000266922912663
dangerous, 0.000266922912663
leader, 0.000266922912663
run, 0.000266922912663
China, 0.000266922912663
stay, 0.000266922912663
H:, 0.000266922912663
Committee, 0.000266922912663
Yes., 0.000266922912663
recognize, 0.000266922912663
Institution, 0.000266922912663
complete, 0.000266922912663
20, 0.000266922912663
USG, 0.000266922912663
dialogue, 0.000266922912663
book, 0.000266922912663
holding, 0.000266922912663
requested, 0.000266922912663
authorities, 0.000266922912663
sides, 0.000266922912663
died, 0.000266922912663
Tunisia, 0.000266922912663
starting, 0.000266922912663
aides, 0.000293615203929
Tuesday, 0.000293615203929
joined, 0.000293615203929
Sent:, 0.000293615203929
Here's, 0.000293615203929
whose, 0.000293615203929
possibility, 0.000293615203929
engage, 0.000293615203929
confidence, 0.000293615203929
journalists, 0.000293615203929
faith, 0.000293615203929
sought, 0.000293615203929
condemn, 0.000293615203929
4., 0.000293615203929
six, 0.000293615203929
Jack, 0.000293615203929
remember, 0.000293615203929
Sean, 0.000293615203929
embassies, 0.000293615203929
S., 0.000293615203929
more., 0.000293615203929
His, 0.000293615203929
asking, 0.000293615203929
safe, 0.000293615203929
someone, 0.000293615203929
found, 0.000293615203929
companies, 0.000293615203929
effort., 0.000293615203929
leave, 0.000293615203929
funding, 0.000293615203929
crucial, 0.000293615203929
investigation, 0.000293615203929
"It, 0.000293615203929
cabinet, 0.000293615203929
24, 0.000293615203929
transition, 0.000293615203929
relations, 0.000293615203929
open, 0.000293615203929
###, 0.000293615203929
interests, 0.000293615203929
spoke., 0.000293615203929
released, 0.000293615203929
turned, 0.000293615203929
Got, 0.000293615203929
Holbrooke, 0.000293615203929
considered, 0.000293615203929
day, 0.000293615203929
show, 0.000293615203929
session, 0.000293615203929
participate, 0.000293615203929
forward., 0.000293615203929
announce, 0.000293615203929
areas, 0.000293615203929
won't, 0.000293615203929
respond, 0.000293615203929
capacity, 0.000293615203929
commitments, 0.000293615203929
deliver, 0.000293615203929
Importance:, 0.000293615203929
providing, 0.000293615203929
tough, 0.000293615203929
Leader, 0.000293615203929
Arkin, 0.000293615203929
expected, 0.000293615203929
Peace, 0.000293615203929
elections, 0.000293615203929
world, 0.000293615203929
Sid, 0.000293615203929
thus, 0.000293615203929
Remarks, 0.000293615203929
party, 0.000293615203929
events, 0.000293615203929
Treaty, 0.000293615203929
corruption, 0.000293615203929
Yes, 0.000293615203929
obviously, 0.000293615203929
settlements, 0.000293615203929
touch, 0.000293615203929
humanitarian, 0.000293615203929
cut, 0.000293615203929
scheduled, 0.000293615203929
bit, 0.000293615203929
U.N., 0.000293615203929
country, 0.000293615203929
initiative, 0.000293615203929
certain, 0.000293615203929
thinks, 0.000293615203929
Jalil, 0.000293615203929
Massachusetts, 0.000293615203929
12, 0.000293615203929
post, 0.000293615203929
Susan, 0.000293615203929
Best, 0.000293615203929
protests, 0.000293615203929
CLINTON:, 0.000293615203929
spending, 0.000293615203929
Assistant, 0.000293615203929
head, 0.000293615203929
peaceful, 0.000293615203929
Clinton, 0.000293615203929
piece, 0.000293615203929
etc., 0.000293615203929
West, 0.000293615203929
rule, 0.000293615203929
security., 0.000293615203929
thanks, 0.000293615203929
February, 0.000293615203929
evening., 0.000293615203929
back., 0.000293615203929
summit, 0.000293615203929
debate, 0.000293615203929
comments, 0.000320307495195
Sandy, 0.000320307495195
strongly, 0.000320307495195
others., 0.000320307495195
established, 0.000320307495195
shared, 0.000320307495195
focused, 0.000320307495195
My, 0.000320307495195
trial, 0.000320307495195
3., 0.000320307495195
Staff, 0.000320307495195
home, 0.000320307495195
FM, 0.000320307495195
Morocco, 0.000320307495195
us., 0.000320307495195
NTC, 0.000320307495195
Philip, 0.000320307495195
tried, 0.000320307495195
soon, 0.000320307495195
course, 0.000320307495195
statements, 0.000320307495195
member, 0.000320307495195
No, 0.000320307495195
responsible, 0.000320307495195
Fuchs, 0.000320307495195
term, 0.000320307495195
mean, 0.000320307495195
principles, 0.000320307495195
related, 0.000320307495195
house, 0.000320307495195
beginning, 0.000320307495195
enough, 0.000320307495195
sheet, 0.000320307495195
2, 0.000320307495195
violence, 0.000320307495195
Afghanistan., 0.000320307495195
seem, 0.000320307495195
Bank, 0.000320307495195
Honduras, 0.000320307495195
takes, 0.000320307495195
Republicans, 0.000320307495195
York, 0.000320307495195
achieve, 0.000320307495195
out., 0.000320307495195
Palestinians, 0.000320307495195
J;, 0.000320307495195
Sullivan, 0.000320307495195
paper, 0.000320307495195
previous, 0.000320307495195
discussions, 0.000320307495195
activities, 0.000320307495195
lack, 0.000320307495195
years., 0.000320307495195
Pakistan's, 0.000320307495195
travels, 0.000320307495195
Central, 0.000320307495195
creating, 0.000320307495195
opportunities, 0.000320307495195
share, 0.000320307495195
period, 0.000320307495195
President, 0.000320307495195
pm, 0.000320307495195
families, 0.000320307495195
Of, 0.000320307495195
Nations, 0.000320307495195
general, 0.000320307495195
present, 0.000320307495195
aid, 0.000320307495195
ago, 0.000320307495195
Democratic, 0.000320307495195
commander, 0.000320307495195
upon, 0.000320307495195
changes, 0.000320307495195
proposed, 0.000320307495195
process., 0.000320307495195
matters, 0.000320307495195
absolutely, 0.000320307495195
now, 0.000320307495195
Cameron, 0.000320307495195
First, 0.000320307495195
Feltman, 0.000320307495195
announcement, 0.000320307495195
Barack, 0.000320307495195
Today, 0.000320307495195
inside, 0.000320307495195
fellow, 0.000320307495195
options, 0.000320307495195
Israelis, 0.000320307495195
Iran, 0.000320307495195
brothers, 0.000320307495195
offensive, 0.000320307495195
reached, 0.000320307495195
terms, 0.000346999786462
Turkey, 0.000346999786462
me, 0.000346999786462
led, 0.000346999786462
via, 0.000346999786462
thru, 0.000346999786462
Monday., 0.000346999786462
Bahtiyar, 0.000346999786462
allow, 0.000346999786462
media, 0.000346999786462
police, 0.000346999786462
he's, 0.000346999786462
actually, 0.000346999786462
2011, 0.000346999786462
haven't, 0.000346999786462
year, 0.000346999786462
answer, 0.000346999786462
me., 0.000346999786462
EU, 0.000346999786462
health, 0.000346999786462
According, 0.000346999786462
turn, 0.000346999786462
Embassy, 0.000346999786462
Asia, 0.000346999786462
discussion, 0.000346999786462
DUP, 0.000346999786462
10, 0.000346999786462
15, 0.000346999786462
Is, 0.000346999786462
1., 0.000346999786462
(and, 0.000346999786462
clearly, 0.000346999786462
measures, 0.000346999786462
large, 0.000346999786462
details, 0.000346999786462
weekend., 0.000346999786462
view, 0.000346999786462
welcome, 0.000346999786462
Granger, 0.000346999786462
raise, 0.000346999786462
Thursday, 0.000346999786462
ready, 0.000346999786462
Reid, 0.000346999786462
comes, 0.000346999786462
Have, 0.000346999786462
you've, 0.000346999786462
am., 0.000346999786462
plans, 0.000346999786462
Now, 0.000346999786462
tonight., 0.000346999786462
recently, 0.000346999786462
legal, 0.000346999786462
good., 0.000346999786462
reaching, 0.000346999786462
host, 0.000346999786462
range, 0.000346999786462
H., 0.000346999786462
act, 0.000346999786462
Their, 0.000346999786462
places, 0.000346999786462
More, 0.000346999786462
felt, 0.000346999786462
phone, 0.000346999786462
diplomacy, 0.000373692077728
readout, 0.000373692077728
video, 0.000373692077728
power, 0.000373692077728
deeply, 0.000373692077728
version, 0.000373692077728
ever, 0.000373692077728
How, 0.000373692077728
appears, 0.000373692077728
encourage, 0.000373692077728
honor, 0.000373692077728
brought, 0.000373692077728
know, 0.000373692077728
voted, 0.000373692077728
left, 0.000373692077728
sanctions, 0.000373692077728
values, 0.000373692077728
freedom, 0.000373692077728
issue., 0.000373692077728
interview, 0.000373692077728
continues, 0.000373692077728
(202), 0.000373692077728
earlier, 0.000373692077728
education, 0.000373692077728
committee, 0.000373692077728
it, 0.000373692077728
reason, 0.000373692077728
Education, 0.000373692077728
become, 0.000373692077728
system, 0.000373692077728
needed, 0.000373692077728
TAPPER:, 0.000373692077728
probably, 0.000373692077728
copy, 0.000373692077728
Craig, 0.000373692077728
partnership, 0.000373692077728
After, 0.000373692077728
fundamental, 0.000373692077728
track, 0.000373692077728
so., 0.000373692077728
proud, 0.000373692077728
Robinson, 0.000373692077728
S, 0.000373692077728
Prime, 0.000373692077728
means, 0.000373692077728
While, 0.000373692077728
wrote, 0.000373692077728
currently, 0.000373692077728
there's, 0.000373692077728
PJ, 0.000373692077728
C, 0.000373692077728
apparently, 0.000373692077728
Declassify, 0.000373692077728
climate, 0.000373692077728
Sorry, 0.000373692077728
2., 0.000373692077728
almost, 0.000373692077728
Hope, 0.000373692077728
nation, 0.000373692077728
person, 0.000373692077728
resolution, 0.000373692077728
Israel's, 0.000373692077728
Taliban, 0.000373692077728
fully, 0.000373692077728
Verma, 0.000373692077728
troops, 0.000373692077728
attacks, 0.000373692077728
civil, 0.000373692077728
Best, 0.000373692077728
Egypt, 0.000373692077728
request, 0.000373692077728
International, 0.000373692077728
High, 0.000373692077728
promote, 0.000373692077728
ops, 0.000373692077728
update, 0.000373692077728
else, 0.000373692077728
certainly, 0.000400384368994
story, 0.000400384368994
required, 0.000400384368994
assistance, 0.000400384368994
schedule, 0.000400384368994
brief, 0.000400384368994
call., 0.000400384368994
Attached, 0.000400384368994
hours, 0.000400384368994
action, 0.000400384368994
South, 0.000400384368994
private, 0.000400384368994
missile, 0.000400384368994
Libya, 0.000400384368994
NATO, 0.000400384368994
tell, 0.000400384368994
didn't, 0.000400384368994
goal, 0.000400384368994
democracy, 0.000400384368994
Muslim, 0.000400384368994
date, 0.000400384368994
law, 0.000400384368994
mentioned, 0.000400384368994
Can, 0.000400384368994
level, 0.000400384368994
Council, 0.000400384368994
used, 0.000400384368994
written, 0.000400384368994
language, 0.000400384368994
R, 0.000400384368994
Philippe, 0.000400384368994
serve, 0.000400384368994
away, 0.000400384368994
fact, 0.000400384368994
cooperation, 0.000400384368994
stop, 0.000400384368994
below., 0.000400384368994
Office, 0.000400384368994
concern, 0.000400384368994
and, 0.000400384368994
various, 0.000400384368994
Friday, 0.000400384368994
., 0.000400384368994
proposal, 0.000400384368994
2, 0.000400384368994
conflict, 0.000400384368994
yesterday, 0.000400384368994
moment, 0.000400384368994
people., 0.000400384368994
21, 0.000400384368994
Uighurs, 0.000400384368994
Benghazi, 0.000400384368994
all, 0.000400384368994
Since, 0.000400384368994
raised, 0.000400384368994
presence, 0.000400384368994
start, 0.000400384368994
November, 0.000400384368994
Boehner, 0.000400384368994
expect, 0.000400384368994
Gates, 0.000400384368994
trip, 0.000400384368994
RICE:, 0.000400384368994
serious, 0.000400384368994
bilateral, 0.000400384368994
Not, 0.000427076660261
worth, 0.000427076660261
I'd, 0.000427076660261
today, 0.000427076660261
understanding, 0.000427076660261
sending, 0.000427076660261
makes, 0.000427076660261
family, 0.000427076660261
remains, 0.000427076660261
known, 0.000427076660261
something, 0.000427076660261
travel, 0.000427076660261
personal, 0.000427076660261
greater, 0.000427076660261
Michael, 0.000427076660261
Also, 0.000427076660261
trade, 0.000427076660261
administration's, 0.000427076660261
always, 0.000427076660261
really, 0.000427076660261
quite, 0.000427076660261
secretary, 0.000427076660261
cloture, 0.000427076660261
talking, 0.000427076660261
note, 0.000427076660261
play, 0.000427076660261
afternoon., 0.000427076660261
million, 0.000427076660261
justice, 0.000427076660261
Obama's, 0.000427076660261
rest, 0.000427076660261
defense, 0.000427076660261
result, 0.000427076660261
close, 0.000427076660261
Sent, 0.000427076660261
ways, 0.000427076660261
countries., 0.000427076660261
whole, 0.000427076660261
can't, 0.000427076660261
We've, 0.000427076660261
course, 0.000427076660261
article, 0.000427076660261
late, 0.000427076660261
Force, 0.000427076660261
Brookings, 0.000427076660261
Palau's, 0.000427076660261
thoughts, 0.000427076660261
We're, 0.000427076660261
confirmed, 0.000427076660261
couple, 0.000427076660261
Air, 0.000427076660261
necessary, 0.000427076660261
offer, 0.000427076660261
years, 0.000427076660261
business, 0.000427076660261
O, 0.000427076660261
prepare, 0.000427076660261
hear, 0.000427076660261
Fw:, 0.000427076660261
helping, 0.000427076660261
China, 0.000453768951527
Arturo, 0.000453768951527
risk, 0.000453768951527
try, 0.000453768951527
second, 0.000453768951527
supporting, 0.000453768951527
groups, 0.000453768951527
Tuesday, 0.000453768951527
Libya., 0.000453768951527
thought, 0.000453768951527
chief, 0.000453768951527
democratic, 0.000453768951527
embassy, 0.000453768951527
Thanks, 0.000453768951527
weeks, 0.000453768951527
name, 0.000453768951527
beyond, 0.000453768951527
service, 0.000453768951527
on:, 0.000453768951527
Affairs, 0.000453768951527
senior, 0.000453768951527
meetings, 0.000453768951527
especially, 0.000453768951527
kind, 0.000453768951527
cannot, 0.000453768951527
European, 0.000453768951527
according, 0.000453768951527
afternoon, 0.000453768951527
basis, 0.000453768951527
wants, 0.000453768951527
lives, 0.000453768951527
bill, 0.000453768951527
helped, 0.000453768951527
read, 0.000453768951527
Happy, 0.000453768951527
him., 0.000453768951527
concerns, 0.000453768951527
either, 0.000453768951527
towards, 0.000453768951527
little, 0.000453768951527
lead, 0.000453768951527
night, 0.000453768951527
arms, 0.000453768951527
threat, 0.000453768951527
Statement, 0.000453768951527
PM, 0.000453768951527
signed, 0.000453768951527
later, 0.000453768951527
delegation, 0.000453768951527
consider, 0.000480461242793
conversation, 0.000480461242793
up., 0.000480461242793
pass, 0.000480461242793
met, 0.000480461242793
secure, 0.000480461242793
positive, 0.000480461242793
October, 0.000480461242793
These, 0.000480461242793
RE:, 0.000480461242793
include, 0.000480461242793
believes, 0.000480461242793
Benghazi, 0.000480461242793
1, 0.000480461242793
ambassador, 0.000480461242793
doesn't, 0.000480461242793
went, 0.000480461242793
agree, 0.000480461242793
Brazil, 0.000480461242793
feel, 0.000480461242793
colleagues, 0.000480461242793
Mills, 0.000480461242793
partners, 0.000480461242793
release, 0.000480461242793
approach, 0.000480461242793
Mr, 0.000480461242793
create, 0.000480461242793
16, 0.000480461242793
Arab, 0.000480461242793
seems, 0.000480461242793
ago., 0.000480461242793
lost, 0.000480461242793
calling, 0.000480461242793
continuing, 0.000480461242793
served, 0.000480461242793
Harold, 0.000480461242793
NW, 0.000480461242793
Indonesia, 0.000480461242793
billion, 0.000480461242793
Brown, 0.000507153534059
Iranian, 0.000507153534059
we'll, 0.000507153534059
list, 0.000507153534059
small, 0.000507153534059
sign, 0.000507153534059
control, 0.000507153534059
Your, 0.000507153534059
states, 0.000507153534059
sense, 0.000507153534059
future., 0.000507153534059
coming, 0.000507153534059
week., 0.000507153534059
place, 0.000507153534059
States., 0.000507153534059
3, 0.000507153534059
Afghanistan, 0.000507153534059
particularly, 0.000507153534059
please, 0.000507153534059
increase, 0.000507153534059
former, 0.000507153534059
America's, 0.000507153534059
Bush, 0.000507153534059
happy, 0.000507153534059
seeking, 0.000507153534059
position, 0.000507153534059
we've, 0.000507153534059
..., 0.000507153534059
D, 0.000507153534059
seek, 0.000507153534059
region, 0.000507153534059
begin, 0.000507153534059
closely, 0.000507153534059
David, 0.000507153534059
Monday, 0.000507153534059
months, 0.000507153534059
significant, 0.000507153534059
Pakistani, 0.000507153534059
series, 0.000507153534059
war, 0.000507153534059
this, 0.000507153534059
face, 0.000507153534059
friends, 0.000507153534059
others, 0.000507153534059
concerned, 0.000533845825326
issues., 0.000533845825326
talked, 0.000533845825326
force, 0.000533845825326
Tom, 0.000533845825326
yet, 0.000533845825326
lot, 0.000533845825326
short, 0.000533845825326
Mexico, 0.000533845825326
year., 0.000533845825326
"We, 0.000533845825326
ask, 0.000533845825326
Security, 0.000533845825326
you're, 0.000533845825326
behind, 0.000533845825326
nations, 0.000533845825326
nothing, 0.000533845825326
Iran's, 0.000533845825326
Quartet, 0.000533845825326
America, 0.000533845825326
less, 0.000533845825326
there., 0.000533845825326
gave, 0.000533845825326
respect, 0.000533845825326
provided, 0.000533845825326
discussed, 0.000533845825326
idea, 0.000533845825326
Jeff, 0.000533845825326
Karzai, 0.000533845825326
personnel, 0.000533845825326
Abedin, 0.000533845825326
big, 0.000533845825326
religious, 0.000560538116592
regional, 0.000560538116592
direct, 0.000560538116592
visit, 0.000560538116592
Russian, 0.000560538116592
rather, 0.000560538116592
response, 0.000560538116592
Please, 0.000560538116592
Washington, 0.000560538116592
announced, 0.000560538116592
prepared, 0.000560538116592
them., 0.000560538116592
toward, 0.000560538116592
tonight, 0.000560538116592
able, 0.000560538116592
that, 0.000560538116592
news, 0.000560538116592
progress, 0.000560538116592
Bibi, 0.000560538116592
received, 0.000560538116592
Talbott, 0.000560538116592
check, 0.000560538116592
violent, 0.000560538116592
questions, 0.000560538116592
country., 0.000560538116592
Let, 0.000560538116592
Russia, 0.000560538116592
within, 0.000560538116592
settlement, 0.000560538116592
held, 0.000560538116592
program, 0.000587230407858
reports, 0.000587230407858
"The, 0.000587230407858
remain, 0.000587230407858
week, 0.000587230407858
All, 0.000587230407858
effective, 0.000587230407858
challenges, 0.000587230407858
days, 0.000587230407858
w, 0.000587230407858
Palestinian, 0.000587230407858
For, 0.000587230407858
took, 0.000587230407858
saw, 0.000587230407858
potential, 0.000587230407858
Some, 0.000587230407858
saying, 0.000587230407858
based, 0.000587230407858
Libyan, 0.000587230407858
life, 0.000587230407858
SECRETARY, 0.000587230407858
Mike, 0.000587230407858
stand, 0.000587230407858
question, 0.000587230407858
taken, 0.000587230407858
understand, 0.000587230407858
focus, 0.000613922699124
four, 0.000613922699124
Defense, 0.000613922699124
George, 0.000613922699124
goes, 0.000613922699124
men, 0.000613922699124
When, 0.000613922699124
Mr., 0.000613922699124
order, 0.000613922699124
committed, 0.000613922699124
hard, 0.000613922699124
looking, 0.000613922699124
advance, 0.000613922699124
National, 0.000613922699124
though, 0.000613922699124
Good, 0.000613922699124
review, 0.000613922699124
real, 0.000613922699124
Pakistan, 0.000613922699124
Below, 0.000613922699124
H;, 0.000613922699124
January, 0.000613922699124
past, 0.000640614990391
that., 0.000640614990391
Madame, 0.000640614990391
heard, 0.000640614990391
Americans, 0.000640614990391
Jeffrey, 0.000640614990391
One, 0.000640614990391
What, 0.000640614990391
Here, 0.000640614990391
time, 0.000640614990391
development, 0.000640614990391
time., 0.000640614990391
strategic, 0.000640614990391
top, 0.000640614990391
final, 0.000640614990391
diplomatic, 0.000640614990391
building, 0.000640614990391
local, 0.000640614990391
1.4(B), 0.000640614990391
weapons, 0.000640614990391
among, 0.000640614990391
point, 0.000640614990391
April, 0.000640614990391
said, 0.000640614990391
difficult, 0.000640614990391
recent, 0.000640614990391
election, 0.000640614990391
anything, 0.000640614990391
wrote:, 0.000640614990391
additional, 0.000640614990391
Jim, 0.000667307281657
young, 0.000667307281657
far, 0.000667307281657
current, 0.000667307281657
strong, 0.000667307281657
change, 0.000667307281657
making, 0.000667307281657
thing, 0.000667307281657
Congress, 0.000667307281657
least, 0.000667307281657
attack, 0.000667307281657
Kurt, 0.000667307281657
well., 0.000667307281657
With, 0.000667307281657
reach, 0.000667307281657
points, 0.000667307281657
group, 0.000667307281657
C05739661, 0.000667307281657
several, 0.000667307281657
Mitchell, 0.000667307281657
situation, 0.000667307281657
critical, 0.000667307281657
across, 0.000667307281657
access, 0.000667307281657
money, 0.000667307281657
came, 0.000667307281657
Madam, 0.000693999572923
better, 0.000693999572923
From, 0.000693999572923
Saturday, 0.000693999572923
John, 0.000693999572923
latest, 0.000693999572923
Thursday, 0.000693999572923
regarding, 0.000693999572923
July, 0.000693999572923
speak, 0.000693999572923
seen, 0.000693999572923
possible, 0.000693999572923
getting, 0.000693999572923
UN, 0.000693999572923
we're, 0.000693999572923
negotiations, 0.000693999572923
spoke, 0.00072069186419
step, 0.00072069186419
India, 0.00072069186419
side, 0.00072069186419
Senator, 0.00072069186419
done, 0.00072069186419
memo, 0.00072069186419
See, 0.00072069186419
future, 0.00072069186419
FYI., 0.00072069186419
key, 0.00072069186419
conference, 0.00072069186419
worked, 0.00072069186419
taking, 0.00072069186419
"I, 0.00072069186419
specific, 0.00072069186419
Chris, 0.00072069186419
Friday, 0.00072069186419
To, 0.00072069186419
START, 0.00072069186419
calls, 0.00072069186419
decision, 0.00072069186419
governments, 0.000747384155456
Just, 0.000747384155456
hold, 0.000747384155456
process, 0.000747384155456
civilian, 0.000747384155456
Richard, 0.000747384155456
three, 0.000747384155456
follow, 0.000774076446722
talks, 0.000774076446722
along, 0.000774076446722
C05739767, 0.000774076446722
We'll, 0.000774076446722
Israeli, 0.000774076446722
role, 0.000774076446722
that's, 0.000774076446722
thank, 0.000774076446722
HRC, 0.000774076446722
White, 0.000774076446722
Republican, 0.000774076446722
Wednesday, 0.000774076446722
General, 0.000774076446722
press, 0.000774076446722
steps, 0.000774076446722
now., 0.000774076446722
line, 0.000774076446722
North, 0.000774076446722
March, 0.000774076446722
chance, 0.000774076446722
East, 0.000800768737988
find, 0.000800768737988
staff, 0.000800768737988
forces, 0.000800768737988
Strobe, 0.000800768737988
Secretary, 0.000800768737988
wanted, 0.000800768737988
already, 0.000800768737988
given, 0.000800768737988
Dan, 0.000800768737988
ensure, 0.000800768737988
email, 0.000800768737988
world., 0.000800768737988
said., 0.000800768737988
build, 0.000800768737988
says, 0.000800768737988
December, 0.000800768737988
trying, 0.000800768737988
global, 0.000827461029255
Ambassador, 0.000827461029255
team, 0.000827461029255
provide, 0.000827461029255
free, 0.000827461029255
members, 0.000827461029255
DC, 0.000827461029255
case, 0.000827461029255
things, 0.000827461029255
opportunity, 0.000827461029255
commitment, 0.000827461029255
Hillary, 0.000827461029255
this., 0.000827461029255
Jake, 0.000827461029255
leadership, 0.000854153320521
hope, 0.000854153320521
needs, 0.000854153320521
2012, 0.000854153320521
relationship, 0.000854153320521
bring, 0.000854153320521
protect, 0.000854153320521
By, 0.000854153320521
morning., 0.000854153320521
I'll, 0.000854153320521
public, 0.000880845611787
address, 0.000880845611787
best, 0.000880845611787
another, 0.000880845611787
letter, 0.000880845611787
agreed, 0.000880845611787
PART, 0.000880845611787
you, 0.000880845611787
B1, 0.000880845611787
At, 0.000880845611787
It's, 0.000907537903054
parties, 0.000907537903054
different, 0.000907537903054
information, 0.000907537903054
likely, 0.000907537903054
Cheryl, 0.000907537903054
Sunday, 0.000907537903054
McChrystal, 0.000907537903054
IN, 0.000907537903054
Thank, 0.000907537903054
early, 0.000907537903054
long, 0.000907537903054
August, 0.00093423019432
effort, 0.00093423019432
number, 0.00093423019432
morning, 0.00093423019432
country, 0.00093423019432
day, 0.00093423019432
without, 0.00093423019432
use, 0.00093423019432
RELEASE, 0.00093423019432
plan, 0.00093423019432
•, 0.00093423019432
rights, 0.000960922485586
give, 0.000960922485586
strategy, 0.000960922485586
Middle, 0.000960922485586
part, 0.000960922485586
keep, 0.000960922485586
major, 0.000960922485586
message, 0.000960922485586
Bill, 0.000960922485586
week, 0.000960922485586
whether, 0.000960922485586
economic, 0.000960922485586
Monday, 0.000987614776852
violence, 0.000987614776852
move, 0.000987614776852
year, 0.000987614776852
never, 0.000987614776852
official, 0.000987614776852
Government, 0.000987614776852
together, 0.000987614776852
full, 0.00101430706812
Libya, 0.00101430706812
women, 0.00101430706812
discuss, 0.00101430706812
draft, 0.00101430706812
treaty, 0.00101430706812
District, 0.00101430706812
officials, 0.00101430706812
report, 0.00101430706812
look, 0.00101430706812
every, 0.00104099935939
years, 0.00104099935939
1.4(D), 0.00104099935939
peace, 0.00104099935939
since, 0.00106769165065
got, 0.00109438394192
meet, 0.00109438394192
Washington, 0.00109438394192
set, 0.00109438394192
human, 0.00109438394192
May, 0.00109438394192
sent, 0.00112107623318
tomorrow., 0.00112107623318
office, 0.00112107623318
state, 0.00112107623318
end, 0.00112107623318
following, 0.00114776852445
Huma, 0.00114776852445
There, 0.00114776852445
sure, 0.00114776852445
June, 0.00114776852445
might, 0.00114776852445
agreement, 0.00117446081572
Palau, 0.00117446081572
Foreign, 0.00117446081572
Thanks, 0.00117446081572
continue, 0.00117446081572
If, 0.00120115310698
great, 0.00122784539825
send, 0.00122784539825
policy, 0.00122784539825
called, 0.00122784539825
even, 0.00125453768952
put, 0.00125453768952
talk, 0.00125453768952
September, 0.00125453768952
come, 0.00125453768952
foreign, 0.00125453768952
issues, 0.00128122998078
issue, 0.00128122998078
<SullivanJJ@state.gov>, 0.00128122998078
do., 0.00128122998078
national, 0.00128122998078
That, 0.00128122998078
speech, 0.00128122998078
As, 0.00128122998078
C05739812, 0.00130792227205
Our, 0.00130792227205
going, 0.00130792227205
leaders, 0.00133461456331
Minister, 0.00133461456331
I've, 0.00133461456331
today., 0.00136130685458
president, 0.00136130685458
clear, 0.00136130685458
House, 0.00136130685458
say, 0.00138799914585
She, 0.00138799914585
told, 0.00138799914585
You, 0.00138799914585
Israel, 0.00138799914585
deal, 0.00138799914585
right, 0.00138799914585
believe, 0.00138799914585
must, 0.00141469143711
New, 0.00141469143711
forward, 0.00141469143711
today, 0.00141469143711
So, 0.00144138372838
let, 0.00144138372838
countries, 0.00146807601965
Afghanistan, 0.00146807601965
tomorrow, 0.00149476831091
administration, 0.00149476831091
Senate, 0.00149476831091
way, 0.00149476831091
statement, 0.00154815289344
around, 0.00154815289344
political, 0.00157484518471
you., 0.00157484518471
it's, 0.00160153747598
important, 0.00160153747598
international, 0.00160153747598
efforts, 0.00162822976724
go, 0.00168161434978
Re:, 0.00168161434978
may, 0.00168161434978
vote, 0.00168161434978
B5, 0.00168161434978
take, 0.00170830664104
much, 0.00170830664104
world, 0.00170830664104
Iran, 0.00170830664104
military, 0.00173499893231
I'm, 0.00176169122357
A, 0.00176169122357
B6, 0.00176169122357
including, 0.00178838351484
asked, 0.00178838351484
good, 0.00178838351484
it., 0.00181507580611
FYI, 0.00184176809737
meeting, 0.00184176809737
well, 0.00189515267991
help, 0.00192184497117
still, 0.00192184497117
AM, 0.00192184497117
On, 0.0019752295537
American, 0.00200192184497
H, 0.00200192184497
many, 0.0020553064275
time, 0.0020553064275
don't, 0.00208199871877
Afghan, 0.00208199871877
Fyi, 0.00216207559257
They, 0.00218876788384
J, 0.0022154601751
back, 0.0022154601751
2009, 0.0022154601751
see, 0.00224215246637
made, 0.00226884475763
next, 0.00226884475763
want, 0.0022955370489
government, 0.00232222934017
Obama, 0.00232222934017
Clinton, 0.00234892163143
US, 0.00234892163143
could, 0.0023756139227
think, 0.0023756139227
need, 0.0023756139227
us, 0.00240230621397
first, 0.00242899850523
Secretary, 0.00248238308776
Jacob, 0.00250907537903
Sullivan, 0.00250907537903
make, 0.00256245996156
He, 0.00264253683536
two, 0.00266922912663
last, 0.00266922912663
nuclear, 0.00280269058296
PM, 0.00280269058296
Will, 0.00282938287423
new, 0.00282938287423
working, 0.00290945974802
This, 0.00296284433056
know, 0.00296284433056
like, 0.00296284433056
support, 0.00298953662182
President, 0.00306961349562
get, 0.00312299807816
security, 0.00312299807816
It, 0.00314969036942
2010, 0.00333653640829
States, 0.00341661328208
In, 0.00341661328208
call, 0.00341661328208
But, 0.00355007473842
one, 0.00357676702968
05/13/2015, 0.00363015161221
COMM., 0.00363015161221
HOUSE, 0.00363015161221
INFORMATION, 0.00363015161221
Date:, 0.00363015161221
SELECT, 0.00363015161221
AGREEMENT, 0.00363015161221
Doc, 0.00363015161221
F-2015-04841, 0.00363015161221
FOIA, 0.00363015161221
WAIVER., 0.00363015161221
DEPT., 0.00363015161221
PRODUCED, 0.00363015161221
SENSITIVE, 0.00363015161221
REDACTIONS., 0.00363015161221
BENGHAZI, 0.00363015161221
NO, 0.00363015161221
SUBJECT, 0.00363015161221
ON, 0.00368353619475
work, 0.00371022848601
STATE, 0.00373692077728
Case, 0.00373692077728
people, 0.00379030535981
also, 0.00400384368994
&, 0.00419068972881
And, 0.00427076660261
said, 0.0044309203502
—, 0.004510997224
United, 0.00472453555413
--, 0.00520499679693
Department, 0.00525838137946
State, 0.00667307281657
would, 0.00699338031177
We, 0.00702007260303
No., 0.00731368780696
TO, 0.00734038009823
U.S., 0.00907537903054
-, 0.00931560965193
The, 0.0118780696135
I, 0.0217275250908
